skift,maal,mean,lo,hi,sd,scenario,kilde
Dag_hverdag,Normal,79.50772543854147,78.81029291852224,80.01709214075142,0.3057607353341011,S0_baseline,trace
Dag_hverdag,Brudd,15.288057454682306,14.802577933889483,15.80097848585586,0.25545910389306464,S0_baseline,trace
Dag_hverdag,Svikt,5.204217106776224,4.860597127265884,5.54020573292354,0.1715082762037316,S0_baseline,trace
Dag_hverdag,overloep_pst,1.1387442764849776,0.9783290472307595,1.3173493069058522,0.0838605242233338,S0_baseline,trace
Dag_hverdag,vl_pst,3.6997428338455753,3.4806811766919656,3.933074076397165,0.12557768598117733,S0_baseline,trace
Dag_hverdag,ventet_pst,1.484559576825775,1.3231512262434924,1.6573104183654264,0.09312265349679395,S0_baseline,trace
Dag_hverdag,dpri1_makkerpar_pst,80.75984055804683,79.8704534130543,81.51594419531638,0.46837098215803813,S0_baseline,trace
Natt_helg,Normal,71.83351363346371,71.37305483897812,72.35021219938422,0.3003026275584179,S0_baseline,trace
Natt_helg,Brudd,10.195278910432444,9.83502538071066,10.587084962969127,0.20383918485990374,S0_baseline,trace
Natt_helg,Svikt,17.97120745610385,17.366439211117587,18.56640592493967,0.3098243660251131,S0_baseline,trace
Natt_helg,overloep_pst,3.894482816010651,3.5863776316884417,4.162228509611383,0.14907516109109462,S0_baseline,trace
Natt_helg,vl_pst,13.816676375135224,13.320920362819338,14.330739785304152,0.25992556665600247,S0_baseline,trace
Natt_helg,ventet_pst,4.144267842778286,3.9100857119081307,4.4023050678205875,0.13442344267332856,S0_baseline,trace
Natt_helg,dpri1_makkerpar_pst,78.91051364365971,78.00762439807384,79.8164125200642,0.4704783039667087,S0_baseline,trace
Dag_hverdag,Normal,79.49230592318467,78.81013610989149,80.00454745029165,0.30772482563344306,S1_pluss1_natthelg,trace
Dag_hverdag,Brudd,15.29819774613728,14.802577933889483,15.831399360220786,0.25670807457893985,S1_pluss1_natthelg,trace
Dag_hverdag,Svikt,5.209496330678039,4.860753935896632,5.552750423383302,0.17215754031989944,S1_pluss1_natthelg,trace
Dag_hverdag,overloep_pst,1.1391101632900538,0.9783290472307595,1.3173493069058522,0.08381890565835996,S1_pluss1_natthelg,trace
Dag_hverdag,vl_pst,3.704708440485897,3.499027786489368,3.9395032302577935,0.12607466577029705,S1_pluss1_natthelg,trace
Dag_hverdag,ventet_pst,1.4848731940872695,1.3231512262434924,1.6574672269961734,0.0930294130409701,S1_pluss1_natthelg,trace
Dag_hverdag,dpri1_makkerpar_pst,80.75319714333166,79.8704534130543,81.51594419531638,0.46964019012085717,S1_pluss1_natthelg,trace
Natt_helg,Normal,81.0501095670023,80.52716984272281,81.60189731214113,0.2914286186825798,S1_pluss1_natthelg,trace
Natt_helg,Brudd,14.426437546808689,13.927768993925273,14.921985520512607,0.26053695874254607,S1_pluss1_natthelg,trace
Natt_helg,Svikt,4.523452886189009,4.2350420237996165,4.801739202796039,0.1472471937721603,S1_pluss1_natthelg,trace
Natt_helg,overloep_pst,1.0971262933067043,0.9311808271615212,1.2734043438462177,0.09835537858360838,S1_pluss1_natthelg,trace
Natt_helg,vl_pst,3.148803084519153,2.936256969293501,3.3542065407339603,0.10932406921852957,S1_pluss1_natthelg,trace
Natt_helg,ventet_pst,1.3740256858339572,1.2059998335691104,1.523050678205875,0.08734496540835082,S1_pluss1_natthelg,trace
Natt_helg,dpri1_makkerpar_pst,82.24250936329587,81.37841091492778,83.14606741573034,0.4360607895169473,S1_pluss1_natthelg,trace
Dag_hverdag,Normal,93.93986911706287,93.57617763281692,94.2432415480148,0.16954810154788813,S2_pluss1_dag,trace
Dag_hverdag,Brudd,3.1466787932007776,2.8788496518848397,3.3649564072006517,0.12992411131207052,S2_pluss1_dag,trace
Dag_hverdag,Svikt,2.913452089736352,2.658533525685254,3.176472433042714,0.1458536233169687,S2_pluss1_dag,trace
Dag_hverdag,overloep_pst,0.6457379414162957,0.5267201906792949,0.8284199962365928,0.07514439501107649,S2_pluss1_dag,trace
Dag_hverdag,vl_pst,2.0471889439461415,1.881703568964436,2.25820109138807,0.09552084668996451,S2_pluss1_dag,trace
Dag_hverdag,ventet_pst,0.8527776035459659,0.7023458571159756,1.0360346233456685,0.08792343632234197,S2_pluss1_dag,trace
Dag_hverdag,dpri1_makkerpar_pst,95.2549410396944,94.66616841056303,95.71748878923766,0.30956327415390633,S2_pluss1_dag,trace
Natt_helg,Normal,71.82824332196056,71.37305483897812,72.35021219938422,0.29967154392076717,S2_pluss1_dag,trace
Natt_helg,Brudd,10.145627028376468,9.76096363485063,10.537571773321128,0.20320233447178973,S2_pluss1_dag,trace
Natt_helg,Svikt,18.02612964966298,17.41678455521345,18.625280852126153,0.3153352472691118,S2_pluss1_dag,trace
Natt_helg,overloep_pst,3.9024576294693625,3.5861695930764754,4.219439127902138,0.15222097402847423,S2_pluss1_dag,trace
Natt_helg,vl_pst,13.864317217275527,13.355246733793791,14.421444620121493,0.2638992823833869,S2_pluss1_dag,trace
Natt_helg,ventet_pst,4.151549194197109,3.9100857119081307,4.410834650911209,0.1372712391666076,S2_pluss1_dag,trace
Natt_helg,dpri1_makkerpar_pst,78.91017924023542,78.00762439807384,79.8164125200642,0.47079302151594526,S2_pluss1_dag,trace
Dag_hverdag,Normal,79.48535407388823,78.79116226557109,80.00423383303017,0.3086492724982926,S5a_overlop_60s,trace
Dag_hverdag,Brudd,15.197578874741264,14.745970018189801,15.718967571975162,0.2559152638671375,S5a_overlop_60s,trace
Dag_hverdag,Svikt,5.317067051370507,4.967383804804617,5.640563256601643,0.17006845553228175,S5a_overlop_60s,trace
Dag_hverdag,overloep_pst,0.9863785569424408,0.8215204164837232,1.1608542934203097,0.08600012673025001,S5a_overlop_60s,trace
Dag_hverdag,vl_pst,3.746785423069686,3.53070312990027,3.970708147776454,0.12187687198574985,S5a_overlop_60s,trace
Dag_hverdag,ventet_pst,1.550366932195948,1.3604716803612873,1.7383804804616445,0.09840363801591447,S5a_overlop_60s,trace
Dag_hverdag,dpri1_makkerpar_pst,80.748629795715,79.8692077727952,81.51594419531638,0.47131983523734444,S5a_overlop_60s,trace
Natt_helg,Normal,71.77110204987379,71.25655321627694,72.32254306399267,0.2993185668398845,S5a_overlop_60s,trace
Natt_helg,Brudd,10.218579234972678,9.908879087958725,10.61100940334526,0.2056937799935063,S5a_overlop_60s,trace
Natt_helg,Svikt,18.010318715153534,17.41616043937755,18.599276025630356,0.3086260010286814,S5a_overlop_60s,trace
Natt_helg,overloep_pst,3.7165404565754074,3.4116251976366816,4.019930099026379,0.1524722618734225,S5a_overlop_60s,trace
Natt_helg,vl_pst,13.822778841086238,13.320920362819338,14.330739785304152,0.2612652345910457,S5a_overlop_60s,trace
Natt_helg,ventet_pst,4.177276635876952,3.961055171839893,4.411042689523176,0.13004926484393992,S5a_overlop_60s,trace
Natt_helg,dpri1_makkerpar_pst,78.84162653825575,77.88824237560193,79.81540930979133,0.470503709613467,S5a_overlop_60s,trace
Dag_hverdag,Normal,79.50432791820862,78.81013610989149,80.01097660415229,0.30623124071784896,S5b_overlop_ko15,trace
Dag_hverdag,Brudd,15.29056639277426,14.802577933889483,15.813366367684875,0.25627236042441404,S5b_overlop_ko15,trace
Dag_hverdag,Svikt,5.205105689017123,4.860753935896632,5.540362541554287,0.1714027129883819,S5b_overlop_ko15,trace
Dag_hverdag,overloep_pst,1.1385351983106482,0.9722135106316252,1.3173493069058522,0.08403039894046288,S5b_overlop_ko15,trace
Dag_hverdag,vl_pst,3.7005791465428923,3.4806811766919656,3.9393464216270466,0.1256943479155509,S5b_overlop_ko15,trace
Dag_hverdag,ventet_pst,1.5038993079512428,1.3419682619331368,1.6761274540550706,0.09299742336426335,S5b_overlop_ko15,trace
Dag_hverdag,dpri1_makkerpar_pst,80.75984055804683,79.8704534130543,81.51594419531638,0.46837098215803813,S5b_overlop_ko15,trace
Natt_helg,Normal,71.83337494105572,71.37305483897812,72.35021219938422,0.3003732508983411,S5b_overlop_ko15,trace
Natt_helg,Brudd,10.195556295248396,9.83502538071066,10.587084962969127,0.20391130297603016,S5b_overlop_ko15,trace
Natt_helg,Svikt,17.971068763695875,17.366439211117587,18.56640592493967,0.3096612627118972,S5b_overlop_ko15,trace
Natt_helg,overloep_pst,3.894482816010651,3.5863776316884417,4.162228509611383,0.14907516109109462,S5b_overlop_ko15,trace
Natt_helg,vl_pst,13.816537682727247,13.320920362819338,14.330739785304152,0.2598823172412133,S5b_overlop_ko15,trace
Natt_helg,ventet_pst,4.152589387256941,3.9184072563867858,4.410626612299243,0.13442344267332856,S5b_overlop_ko15,trace
Natt_helg,dpri1_makkerpar_pst,78.90984483681113,78.00762439807384,79.8164125200642,0.47070498889154927,S5b_overlop_ko15,trace
Dag_hverdag,Normal,79.50772543854147,78.81029291852224,80.01709214075142,0.3057607353341011,S3_variantB_medS,trace
Dag_hverdag,Brudd,15.288057454682306,14.802577933889483,15.80097848585586,0.25545910389306464,S3_variantB_medS,trace
Dag_hverdag,Svikt,5.204217106776224,4.860597127265884,5.54020573292354,0.1715082762037316,S3_variantB_medS,trace
Dag_hverdag,overloep_pst,1.1387442764849776,0.9783290472307595,1.3173493069058522,0.0838605242233338,S3_variantB_medS,trace
Dag_hverdag,vl_pst,3.6997428338455753,3.4806811766919656,3.933074076397165,0.12557768598117733,S3_variantB_medS,trace
Dag_hverdag,ventet_pst,1.484559576825775,1.3231512262434924,1.6573104183654264,0.09312265349679395,S3_variantB_medS,trace
Dag_hverdag,dpri1_makkerpar_pst,80.75984055804683,79.8704534130543,81.51594419531638,0.46837098215803813,S3_variantB_medS,trace
Natt_helg,Normal,71.83351363346371,71.37305483897812,72.35021219938422,0.3003026275584179,S3_variantB_medS,trace
Natt_helg,Brudd,10.195278910432444,9.83502538071066,10.587084962969127,0.20383918485990374,S3_variantB_medS,trace
Natt_helg,Svikt,17.97120745610385,17.366439211117587,18.56640592493967,0.3098243660251131,S3_variantB_medS,trace
Natt_helg,overloep_pst,3.894482816010651,3.5863776316884417,4.162228509611383,0.14907516109109462,S3_variantB_medS,trace
Natt_helg,vl_pst,13.816676375135224,13.320920362819338,14.330739785304152,0.25992556665600247,S3_variantB_medS,trace
Natt_helg,ventet_pst,4.144267842778286,3.9100857119081307,4.4023050678205875,0.13442344267332856,S3_variantB_medS,trace
Natt_helg,dpri1_makkerpar_pst,78.91051364365971,78.00762439807384,79.8164125200642,0.4704783039667087,S3_variantB_medS,trace
Dag_hverdag,Normal,73.40997335552056,72.85078596261847,73.85507978486316,0.28680275152778684,S3_variantB_utenS,trace
Dag_hverdag,Brudd,17.128834477362098,16.696728374884856,17.51404035301459,0.20792314355800187,S3_variantB_utenS,trace
Dag_hverdag,Svikt,9.461192167117344,9.151561524975484,9.853727750869165,0.17258444710695972,S3_variantB_utenS,trace
Dag_hverdag,overloep_pst,2.657613486662903,2.500371437910439,2.8467744331857485,0.10044253879296151,S3_variantB_utenS,trace
Dag_hverdag,vl_pst,5.923988946007785,5.728315454788578,6.133999940569934,0.11140242010297556,S3_variantB_utenS,trace
Dag_hverdag,ventet_pst,3.526778197089908,3.3101803702493093,3.7117047514337504,0.10894796191704388,S3_variantB_utenS,trace
Dag_hverdag,dpri1_makkerpar_pst,74.66741405082212,73.6870951669158,75.68634778276034,0.5742960253669217,S3_variantB_utenS,trace
Natt_helg,Normal,62.68373831537659,62.23609306945824,63.12447466951937,0.21708481449536257,S3_variantB_utenS,trace
Natt_helg,Brudd,18.36593566134332,17.943856498815617,18.709788339573624,0.2049553778601497,S3_variantB_utenS,trace
Natt_helg,Svikt,18.950326023280102,18.5068197447849,19.352219760067243,0.24074212221653643,S3_variantB_utenS,trace
Natt_helg,overloep_pst,5.446053335370979,5.191602353480553,5.658859937342402,0.12780928141352113,S3_variantB_utenS,trace
Natt_helg,vl_pst,12.844553118871147,12.507163597463132,13.161916405593338,0.18985684703975286,S3_variantB_utenS,trace
Natt_helg,ventet_pst,6.092241664756374,5.8529456712768395,6.300145182241919,0.124812147841118,S3_variantB_utenS,trace
Natt_helg,dpri1_makkerpar_pst,66.39680310326378,65.56982343499197,67.46187800963081,0.5347550099874948,S3_variantB_utenS,trace
Dag_hverdag,Normal,84.29762006186472,83.48429976604668,85.31475439464633,,S4_nhpp_baseline,nhpp
Dag_hverdag,Brudd,13.023146007451663,12.23641702176214,13.73265131118474,,S4_nhpp_baseline,nhpp
Dag_hverdag,Svikt,2.6792339306836346,2.37712702697131,3.017554559920502,,S4_nhpp_baseline,nhpp
Dag_hverdag,overloep_pst,0.2397055796632215,0.16007876509776958,0.31478973954827216,,S4_nhpp_baseline,nhpp
Dag_hverdag,vl_pst,2.3917180737963664,2.117632402252905,2.6304186246047503,,S4_nhpp_baseline,nhpp
Dag_hverdag,ventet_pst,0.2875158568872679,0.21127973600665303,0.3870771472044757,,S4_nhpp_baseline,nhpp
Dag_hverdag,dpri1_makkerpar_pst,83.48969441329935,81.84614384128436,85.00369844369489,,S4_nhpp_baseline,nhpp
Natt_helg,Normal,82.74649345043066,81.97677498847459,83.43934062434322,,S4_nhpp_baseline,nhpp
Natt_helg,Brudd,5.065964806199671,4.6660936135440405,5.495447878896529,,S4_nhpp_baseline,nhpp
Natt_helg,Svikt,12.187541743369685,11.481565985897173,12.78294422434028,,S4_nhpp_baseline,nhpp
Natt_helg,overloep_pst,1.4293638469731602,1.1986418298505448,1.652879533682545,,S4_nhpp_baseline,nhpp
Natt_helg,vl_pst,10.69883396475159,10.120958348292353,11.295957259255378,,S4_nhpp_baseline,nhpp
Natt_helg,ventet_pst,1.4887077786180933,1.2492614436926013,1.736373256605377,,S4_nhpp_baseline,nhpp
Natt_helg,dpri1_makkerpar_pst,82.26628195191283,80.54489443528765,83.63644089992319,,S4_nhpp_baseline,nhpp
Dag_hverdag,Normal,80.93587265427026,80.16769843053898,81.74998026619473,,S4_nhpp_burst,nhpp
Dag_hverdag,Brudd,13.368620284197423,12.761024572305852,14.056598293304786,,S4_nhpp_burst,nhpp
Dag_hverdag,Svikt,5.695507061532323,5.166056510598164,6.166177171848818,,S4_nhpp_burst,nhpp
Dag_hverdag,overloep_pst,1.7242748151092582,1.3981956568683187,2.0218716283658646,,S4_nhpp_burst,nhpp
Dag_hverdag,vl_pst,3.2244045767061853,2.956378990036633,3.5131689064683234,,S4_nhpp_burst,nhpp
Dag_hverdag,ventet_pst,2.4711024848261385,2.139505161311422,2.7997945259488133,,S4_nhpp_burst,nhpp
Dag_hverdag,dpri1_makkerpar_pst,79.72012589362602,78.27653784127502,80.95670307249159,,S4_nhpp_burst,nhpp
Natt_helg,Normal,78.85786494313973,77.31493752689737,79.88383730270938,,S4_nhpp_burst,nhpp
Natt_helg,Brudd,5.573863580283441,5.110076656217202,5.958211851323929,,S4_nhpp_burst,nhpp
Natt_helg,Svikt,15.568271476576825,14.576179871623792,16.84000135179777,,S4_nhpp_burst,nhpp
Natt_helg,overloep_pst,3.91397030877228,3.294627228072621,4.599506798884383,,S4_nhpp_burst,nhpp
Natt_helg,vl_pst,11.127762974899296,10.580310193767236,11.786247289704212,,S4_nhpp_burst,nhpp
Natt_helg,ventet_pst,4.4405085016775265,3.8139938591327684,5.220237729378027,,S4_nhpp_burst,nhpp
Natt_helg,dpri1_makkerpar_pst,78.38124308767155,76.81906916625574,80.44679972781482,,S4_nhpp_burst,nhpp
